,0,1,2,3,4,5,6,7,8,9,10,11,12,13,14,15,16,17,18,19,20,21,22,23,24,25,26,27,28,29,30,31,32,33,34,35,36,37,38,39,40,41,42,43,44,45,46,47,48,49,50,51,52,53,54,55,56,57,58,59,60,61,62,63,64,65,66,67,68,69,70,71,72,73,74,75,76,77,78,79,80,81,82,83,84,85,86,87,88,89,90,91,92,93,94,95,96,97,98,99,100,101,102,103,104,105,106,107,108,109,110,111,112,113,114,115,116,117,118,119,120,121,122,123,124,125,126,127,128,129,130,131,132,133,134,135,136,137,138,139,140,141,142,143,144,145,146,147,148,149,150,151,152,153,154,155,156,157,158,159,160,161,162,163,164,165,166,167,168,169,170,171,172,173,174,175,176,177,178,179,180,181,182
Antineoplastic,Azaguanine-8,Fulvestrant,Busulfan,Azathioprine,Nocodazole,Methotrexate,Tamoxifen citrate,Paclitaxel,Flutamide,Catharanthine,"Camptothecine (S,+)",Carmofur,"Glutethimide, para-amino",N6-methyladenosine,Thioguanosine,"Amethopterin (R,S)",Mitoxantrone dihydrochloride,Etoposide,Hesperidin ,Idebenone,Erlotinib,Doxorubicin hydrochloride,Vatalanib,Daunorubicin hydrochloride,Iobenguane sulfate,Dacarbazine,Exemestane,Temozolomide,Cytarabine,Gefitinib,Etanidazole,Beta-Escin,Irinotecan hydrochloride trihydrate,Hexestrol,Finasteride,Streptozotocin,Chlorotrianisene,Ifosfamide,Azacytidine-5,Bicalutamide,Nilutamide,Altretamine,Toremifene,Megestrol acetate,Floxuridine,Chlormadinone acetate,Epitiostanol,Letrozole,Vorinostat,Cyproterone acetate,Formestane,Chlorambucil,Procarbazine hydrochloride,Anastrozole,Fludarabine,Cladribine,5-fluorouracil,Mitotane,Cyclophosphamide,Topotecan,Gemcitabine,Docetaxel,Imatinib,Nelfinavir mesylate,Ubenimex,Tegafur,Estramustine,Histamine dihydrochloride,Epirubicin hydrochloride,Pemetrexed disodium,Raltitrexed,,,,,,,,,,,,,,,,,,,,,,,,,,,,,,,,,,,,,,,,,,,,,,,,,,,,,,,,,,,,,,,,,,,,,,,,,,,,,,,,,,,,,,,,,,,,,,,,,,,,,,,,,,,,,,,,
Antipsoriatic,Allantoin,Sulfacetamide sodic hydrate,Calcipotriene,Etretinate,Diflorasone Diacetate,Acitretin,Anthralin,Desonide,,,,,,,,,,,,,,,,,,,,,,,,,,,,,,,,,,,,,,,,,,,,,,,,,,,,,,,,,,,,,,,,,,,,,,,,,,,,,,,,,,,,,,,,,,,,,,,,,,,,,,,,,,,,,,,,,,,,,,,,,,,,,,,,,,,,,,,,,,,,,,,,,,,,,,,,,,,,,,,,,,,,,,,,,,,,,,,
Vulnerary,Allantoin,,,,,,,,,,,,,,,,,,,,,,,,,,,,,,,,,,,,,,,,,,,,,,,,,,,,,,,,,,,,,,,,,,,,,,,,,,,,,,,,,,,,,,,,,,,,,,,,,,,,,,,,,,,,,,,,,,,,,,,,,,,,,,,,,,,,,,,,,,,,,,,,,,,,,,,,,,,,,,,,,,,,,,,,,,,,,,,,,,,,,,
Anticonvulsant,Acetazolamide,Carbamazepine,Dizocilpine maleate,Chlorzoxazone,Ethosuximide,Mephenesin,Doxepin hydrochloride,Flunarizine dihydrochloride,Oxcarbazepine,Melatonin,Vigabatrin,Trimethadione,Levetiracetam,Zonisamide,Ethotoin,Dimethadione,Methylhydantoin-5-(L),Gabapentin,Primidone,(-)-MK 801 hydrogen maleate,Tracazolate hydrochloride,Phensuximide,Topiramate,Mephenytoin,Valproic acid,Lamotrigine,Phenprobamate,Pregabalin,,,,,,,,,,,,,,,,,,,,,,,,,,,,,,,,,,,,,,,,,,,,,,,,,,,,,,,,,,,,,,,,,,,,,,,,,,,,,,,,,,,,,,,,,,,,,,,,,,,,,,,,,,,,,,,,,,,,,,,,,,,,,,,,,,,,,,,,,,,,,,,,,,,,,,,,,,,
Antiglaucoma,Acetazolamide,Pindolol,Brinzolamide,Betaxolol hydrochloride,Carteolol hydrochloride,Pilocarpine nitrate,Eserine hemisulfate salt,Demecarium bromide,Dipivefrin hydrochloride,Aceclidine Hydrochloride,Eucatropine hydrochloride,Methazolamide,Dichlorphenamide,(-) -Levobunolol hydrochloride,(+) -Levobunolol hydrochloride,Timolol maleate salt,Dorzolamide hydrochloride,Ethoxzolamide,Latanoprost,Brimondine L-Tartrate,,,,,,,,,,,,,,,,,,,,,,,,,,,,,,,,,,,,,,,,,,,,,,,,,,,,,,,,,,,,,,,,,,,,,,,,,,,,,,,,,,,,,,,,,,,,,,,,,,,,,,,,,,,,,,,,,,,,,,,,,,,,,,,,,,,,,,,,,,,,,,,,,,,,,,,,,,,,,,,,,,,
Diuretic,Acetazolamide,Amiloride hydrochloride dihydrate,Hydrochlorothiazide,Meticrane,Hydroflumethiazide,Diprophylline,Triamterene,Metolazone,Spironolactone,Diltiazem hydrochloride,Canrenoic acid potassium salt,Etofylline,Indapamide,Chlorothiazide,Ethacrynic acid,Bumetanide,Furosemide,Chlorthalidone,Clopamide,Brinzolamide,Benzamil hydrochloride,Beta-Escin,Althiazide,Bendroflumethiazide,Methazolamide,Aminophylline,Benzthiazide,Trichlormethiazide,Theophylline monohydrate,Theobromine,2-Aminobenzenesulfonamide,Canrenone,Cyclopenthiazide,Torsemide,Piretanide,Quinethazone,Ethoxzolamide,,,,,,,,,,,,,,,,,,,,,,,,,,,,,,,,,,,,,,,,,,,,,,,,,,,,,,,,,,,,,,,,,,,,,,,,,,,,,,,,,,,,,,,,,,,,,,,,,,,,,,,,,,,,,,,,,,,,,,,,,,,,,,,,,,,,,,,,,,,,,,,,,,
Anorectic,Metformin hydrochloride,Benfluorex,Dexfenfluramine hydrochloride,,,,,,,,,,,,,,,,,,,,,,,,,,,,,,,,,,,,,,,,,,,,,,,,,,,,,,,,,,,,,,,,,,,,,,,,,,,,,,,,,,,,,,,,,,,,,,,,,,,,,,,,,,,,,,,,,,,,,,,,,,,,,,,,,,,,,,,,,,,,,,,,,,,,,,,,,,,,,,,,,,,,,,,,,,,,,,,,,,,,
Antidiabetic,Metformin hydrochloride,Acetohexamide,Glipizide,Phenformin hydrochloride,Tolbutamide,Glibenclamide,Chlorpropamide,Benfluorex,Miglitol,Tolazamide,Gliclazide,Acarbose,Troglitazone,Glimepiride,Gliquidone,Repaglinide,Rosiglitazone Hydrochloride,Nateglinide,,,,,,,,,,,,,,,,,,,,,,,,,,,,,,,,,,,,,,,,,,,,,,,,,,,,,,,,,,,,,,,,,,,,,,,,,,,,,,,,,,,,,,,,,,,,,,,,,,,,,,,,,,,,,,,,,,,,,,,,,,,,,,,,,,,,,,,,,,,,,,,,,,,,,,,,,,,,,,,,,,,,,
Antilipemic,Metformin hydrochloride,Bezafibrate,Probucol,Thyroxine (L),Acipimox,Tetraethylenepentamine pentahydrochloride,"Mevalonic-D, L acid lactone",Clofibric acid,Fluvastatin sodium salt,Simvastatin,Niacin,Clofibrate,Pravastatin,,,,,,,,,,,,,,,,,,,,,,,,,,,,,,,,,,,,,,,,,,,,,,,,,,,,,,,,,,,,,,,,,,,,,,,,,,,,,,,,,,,,,,,,,,,,,,,,,,,,,,,,,,,,,,,,,,,,,,,,,,,,,,,,,,,,,,,,,,,,,,,,,,,,,,,,,,,,,,,,,,,,,,,,,,
Curarizing,Atracurium besylate,Hemicholinium bromide,,,,,,,,,,,,,,,,,,,,,,,,,,,,,,,,,,,,,,,,,,,,,,,,,,,,,,,,,,,,,,,,,,,,,,,,,,,,,,,,,,,,,,,,,,,,,,,,,,,,,,,,,,,,,,,,,,,,,,,,,,,,,,,,,,,,,,,,,,,,,,,,,,,,,,,,,,,,,,,,,,,,,,,,,,,,,,,,,,,,,
Anti-inflammatory,Isoflupredone acetate,Antipyrine,Epirizole,Diflunisal,Isoxicam,Naproxen,Mefenamic acid,Sulindac,Prednisone,Amidopyrine,Acetylsalicylsalicylic acid,Triamcinolone,Dexamethasone acetate,Erythromycin,Aceclofenac,Ampyrone,Nimesulide,Flufenamic acid,Tolfenamic acid,Meclofenamic acid sodium salt monohydrate,Piroxicam,Fenbufen,Ketoprofen,Nifenazone,Griseofulvin,Etodolac,Bufexamac,Niflumic acid,Indomethacin,Cortisone,Prednisolone,"Methylprednisolone, 6-alpha",Fludrocortisone acetate,Acemetacin,Benzydamine hydrochloride,Amodiaquin dihydrochloride dihydrate,Pemirolast potassium,Betamethasone,Colchicine,Meloxicam,"Amethopterin (R,S)",Corticosterone,Hydrocortisone base,Fentiazac,Rofecoxib,Tiaprofenic acid,Budesonide,Sulfasalazine,Tenoxicam,Pregnenolone,Chloroquine diphosphate,Parthenolide,Mometasone furoate,Troglitazone,Etofenamate,Diclofenac sodium,Diflorasone Diacetate,Etoricoxib,Flunisolide,Flurandrenolide,Halcinonide,Suxibuzone,Pranoprofen,Fluorometholone,Isopyrin hydrochloride,Balsalazide Sodium,Flumethasone,Ebselen,Medrysone,Flunixin meglumine,Fenoprofen calcium salt dihydrate,Alclometasone dipropionate,Fluocinonide,Zomepirac sodium salt,Clobetasol propionate,(R) -Naproxen sodium salt,Cromolyn disodium salt,Suprofen,Deflazacort,Oxalamine citrate salt,Indoprofen,Beclomethasone dipropionate,Tolmetin sodium salt dihydrate,Cortisol acetate,Felbinac,S-(+)-ibuprofen,Nabumetone,Flurbiprofen,Ketorolac tromethamine,Deoxycorticosterone,Phenylbutazone,Fluticasone propionate,Azapropazone,Rimexolone,Oxyphenbutazone,Oxaprozin,Mesalamine,Clocortolone pivalate,Amcinonide,Carprofen,Celecoxib,Fluocinolone acetonide,Ibudilast,Acetylsalicylic acid,Amlexanox,Algestone acetophenide,Actarit,Adapalene,Flumethasone pivalate,Valdecoxib,Loteprednol etabonate,Ampiroxicam,,,,,,,,,,,,,,,,,,,,,,,,,,,,,,,,,,,,,,,,,,,,,,,,,,,,,,,,,,,,,,,,,,,,,,,
Antihypertensive,Amiloride hydrochloride dihydrate,Hydrochlorothiazide,Meticrane,Hydroflumethiazide,Captopril,Minoxidil,Triamterene,Hexamethonium dibromide dihydrate,Nifedipine,Chlorpromazine hydrochloride,Acebutolol hydrochloride,Todralazine hydrochloride,Diazoxide,Pindolol,Guanabenz acetate,Metolazone,Diltiazem hydrochloride,Verapamil hydrochloride,Canrenoic acid potassium salt,Hydralazine hydrochloride,Iproniazide phosphate,Pargyline hydrochloride,Pentolinium bitartrate,Midodrine hydrochloride,Indapamide,Phentolamine hydrochloride,Pinacidil,Alprenolol hydrochloride,Chlorothiazide,Lisinopril,Enalapril maleate,Guanethidine sulfate ,"Methyldopa (L,-)",Bisoprolol fumarate,Practolol,Guanfacine hydrochloride,Furosemide,Chlorthalidone,Clopamide,Debrisoquin sulfate,Betaxolol hydrochloride,Nicardipine hydrochloride,Ketanserin tartrate hydrate,Amlodipine,Carteolol hydrochloride,Felodipine,Lofexidine,(S)-(-)-Atenolol,Lacidipine,Celiprolol HCl,Benazepril HCl,Nilvadipine,Benzamil hydrochloride,Nisoldipine,Althiazide,"Metoprolol-(+,-) (+)-tartrate salt",Terazosin hydrochloride,Guanadrel sulfate,Bendroflumethiazide,Nadolol,Benzthiazide,Trichlormethiazide,Doxazosin mesylate,Carbachol,Urapidil hydrochloride,Nitrendipine,Quinapril HCl,Bretylium tosylate,Phenoxybenzamine hydrochloride,Prazosin hydrochloride,Timolol maleate salt,(R)-(+)-Atenolol,Sotalol hydrochloride,Pronethalol hydrochloride,Naftopidil dihydrochloride,Cyclopenthiazide,Moxonidine,Isradipine,Torsemide,Methyldopate hydrochloride,Penbutolol sulfate,Piretanide,Quinethazone,Oxprenolol hydrochloride,(R)-Propranolol hydrochloride,(S)-propranolol hydrochloride,Perindopril,Ramipril,Mecamylamine hydrochloride,Dorzolamide hydrochloride,Carvedilol,Dopamine hydrochloride,Candesartan,Ambrisentan,Losartan,Telmisartan,Olmesartan,Cilnidipine,Fosinopril,Sildenafil,Silodosin,Benidipine hydrochloride,Fenoldopam,Enalaprilat dihydrate,Homoveratrylamine,Irbesartan,Valsartan,,,,,,,,,,,,,,,,,,,,,,,,,,,,,,,,,,,,,,,,,,,,,,,,,,,,,,,,,,,,,,,,,,,,,,,,,,,,
Anticoccidial,Amprolium hydrochloride,Toltrazuril,,,,,,,,,,,,,,,,,,,,,,,,,,,,,,,,,,,,,,,,,,,,,,,,,,,,,,,,,,,,,,,,,,,,,,,,,,,,,,,,,,,,,,,,,,,,,,,,,,,,,,,,,,,,,,,,,,,,,,,,,,,,,,,,,,,,,,,,,,,,,,,,,,,,,,,,,,,,,,,,,,,,,,,,,,,,,,,,,,,,,
Antiparasitic,Amprolium hydrochloride,Trichlorfon,Ivermectin,Ornidazole,Albendazole,Quinacrine dihydrochloride hydrate,Hycanthone,Niridazole,Closantel,Tiabendazole,Tetramisole hydrochloride,Pentamidine isethionate,,,,,,,,,,,,,,,,,,,,,,,,,,,,,,,,,,,,,,,,,,,,,,,,,,,,,,,,,,,,,,,,,,,,,,,,,,,,,,,,,,,,,,,,,,,,,,,,,,,,,,,,,,,,,,,,,,,,,,,,,,,,,,,,,,,,,,,,,,,,,,,,,,,,,,,,,,,,,,,,,,,,,,,,,,,
Antibacterial,Sulfaguanidine,Sulfacetamide sodic hydrate,Sulfathiazole,Sulfaphenazole,Sulfadiazine,Thiamphenicol,Ethambutol dihydrochloride,Chloramphenicol,Dapsone,Troleandomycin,Metronidazole,Ciprofloxacin hydrochloride monohydrate,Ampicillin trihydrate,Isoconazole,Clindamycin hydrochloride,Cefotaxime sodium salt,Tetracycline hydrochloride,Chlorhexidine,Chlortetracycline hydrochloride,Erythromycin,Josamycin,Neomycin sulfate,Dihydrostreptomycin sulfate,Gentamicine sulfate,Isoniazid,Ornidazole,Mafenide hydrochloride,Nitrofurantoin,Sulfamethoxazole,Aztreonam,Cloxacillin sodium salt,Oxolinic acid,Flumequine,Trimethoprim ,Norfloxacin,Antimycin A,Clemizole hydrochloride,Ofloxacin,Lomefloxacin hydrochloride,Clotrimazole,Lincomycin hydrochloride,Oxytetracycline dihydrate,Minocycline hydrochloride,Streptomycin sulfate,Cefoperazone dihydrate,Sulfisoxazole,Amoxicillin,Clofazimine,Dequalinium dichloride,Fusidic acid sodium salt,Kanamycin A sulfate,Amikacin hydrate,Butoconazole nitrate,Amphotericin B,Bacampicillin hydrochloride,"Cephalosporanic acid, 7-amino",Pefloxacine,Cefadroxil,Doxorubicin hydrochloride,Dicloxacillin sodium salt hydrate,Linezolid,Meclocycline sulfosalicylate,Cefixime,Tosufloxacin hydrochloride,Rifapentine,Ceforanide,Cefotetan,Cefotiam hydrochloride,Cefaclor hydrate,Colistin sulfate,Daunorubicin hydrochloride,Ceftazidime pentahydrate,Nitrofural,Vancomycin hydrochloride,Sisomicin sulfate,Pyrazinamide,Imipenem,Sulfasalazine,Thiostrepton,Rifampicin,Ethionamide,Ciclopirox ethanolamine,Tobramycin,Nifuroxazide,Dirithromycin,Carbadox,Loracarbef,Nalidixic acid sodium salt,Oxacillin sodium,Tazobactam,Tylosin,Sulfamerazine,Cefmetazole sodium salt,Succinylsulfathiazole,Methyl benzethonium chloride,Benzethonium chloride,Sulfabenzamide,Sulfachloropyridazine,Cephalothin sodium salt,Cefuroxime sodium salt,Phenethicillin potassium salt,Sulfamethoxypyridazine,Sulfadimethoxine,Sulfanilamide,Sulfaquinoxaline sodium salt,Cefazolin sodium salt,Sulfamethizole,Spiramycin,Monensin sodium salt,Demeclocycline hydrochloride,Piperacillin sodium salt,Ribostamycin sulfate salt,Sulfapyridine,Furaltadone hydrochloride,Tinidazole,Sulfameter,Sulfamethazine sodium salt,Alexidine dihydrochloride,Cinoxacin,Merbromin,Cycloheximide,Propidium iodide,Spectinomycin dihydrochloride,Piromidic acid,Cefsulodin sodium salt,Moxalactam disodium salt,Azlocillin sodium salt,Sulfamonomethoxine,Cefoxitin sodium salt,Novobiocin sodium salt,Nafcillin sodium salt monohydrate,Clinafloxacin,Roxithromycin,Paromomycin sulfate,Phthalylsulfathiazole,Pipemidic acid,Bacitracin,Florfenicol,Methacycline hydrochloride,Prothionamide,Lymecycline,Apramycin,Pivampicillin,Flucloxacillin sodium,Arbutin,Benzathine benzylpenicillin,Sertaconazole nitrate,Pivmecillinam hydrochloride,Ticarcillin sodium,Benzylpenicillin sodium,D-cycloserine,(S)-(-)-Cycloserine,Sulfadoxine,Sarafloxacin,4-aminosalicylic acid,Meropenem,Rifabutin,Viomycin sulfate,Ronidazole,Cefepime hydrochloride,Nadifloxacin,Doxycycline hydrochloride,Sulbactam,Fleroxacin,Clavulanate potassium salt,Rifaximin,Methenamine,Cefdinir,Triclosan,Enoxacin,Sparfloxacin,Clarithromycin,Azithromycin,Gatifloxacin,Moxifloxacin,Rufloxacin,Enrofloxacin,Cefpiramide,Cefuroxime axetil,Cefpodoxime proxetil,Besifloxacin hydrochloride,Ceftibuten,Cefprozil
Antitussive,Benzonatate,Doxylamine succinate,Pheniramine maleate,Diphenhydramine hydrochloride,Khellin,Chlorpheniramine maleate,Fenspiride hydrochloride,"Dropropizine (R,S)",Pyrilamine maleate,Pimethixene maleate,Dextromethorphan hydrobromide monohydrate,Carbetapentane citrate,Clobutinol hydrochloride,Brompheniramine maleate,Acetopromazine maleate salt,Papaverine hydrochloride,Cloperastine hydrochloride,Oxalamine citrate salt,Levopropoxyphene napsylate,,,,,,,,,,,,,,,,,,,,,,,,,,,,,,,,,,,,,,,,,,,,,,,,,,,,,,,,,,,,,,,,,,,,,,,,,,,,,,,,,,,,,,,,,,,,,,,,,,,,,,,,,,,,,,,,,,,,,,,,,,,,,,,,,,,,,,,,,,,,,,,,,,,,,,,,,,,,,,,,,,,,
Local anesthetic,Benzonatate,Procaine hydrochloride,Amyleine hydrochloride,Lidocaine hydrochloride,Benoxinate hydrochloride,Oxethazaine,Dibucaine,Mephenesin,Prilocaine hydrochloride,Mexiletine hydrochloride,Dyclonine hydrochloride,Diperodon hydrochloride,Bupivacaine hydrochloride ,Guanethidine sulfate ,Procainamide hydrochloride,Carbetapentane citrate,Dimethisoquin hydrochloride,Benzocaine,Pramoxine hydrochloride,Proadifen hydrochloride,Meprylcaine hydrochloride ,Mepivacaine hydrochloride,,,,,,,,,,,,,,,,,,,,,,,,,,,,,,,,,,,,,,,,,,,,,,,,,,,,,,,,,,,,,,,,,,,,,,,,,,,,,,,,,,,,,,,,,,,,,,,,,,,,,,,,,,,,,,,,,,,,,,,,,,,,,,,,,,,,,,,,,,,,,,,,,,,,,,,,,,,,,,,,,
Analeptic,Heptaminol hydrochloride,Diprophylline,Pentylenetetrazole,Dobutamine hydrochloride,Ethamivan,Picrotoxinin,Doxapram hydrochloride,,,,,,,,,,,,,,,,,,,,,,,,,,,,,,,,,,,,,,,,,,,,,,,,,,,,,,,,,,,,,,,,,,,,,,,,,,,,,,,,,,,,,,,,,,,,,,,,,,,,,,,,,,,,,,,,,,,,,,,,,,,,,,,,,,,,,,,,,,,,,,,,,,,,,,,,,,,,,,,,,,,,,,,,,,,,,,,,
Positive inotropic,Heptaminol hydrochloride,Dobutamine hydrochloride,,,,,,,,,,,,,,,,,,,,,,,,,,,,,,,,,,,,,,,,,,,,,,,,,,,,,,,,,,,,,,,,,,,,,,,,,,,,,,,,,,,,,,,,,,,,,,,,,,,,,,,,,,,,,,,,,,,,,,,,,,,,,,,,,,,,,,,,,,,,,,,,,,,,,,,,,,,,,,,,,,,,,,,,,,,,,,,,,,,,,
Vasodilator,Heptaminol hydrochloride,Captopril,Minoxidil,Moxisylyte hydrochoride,Tolazoline hydrochloride,Nifedipine,Isoxsuprine hydrochloride,Diazoxide,Khellin,Nicorandil,Diltiazem hydrochloride,Dipyridamole,Nicergoline,Pentoxifylline,Phentolamine hydrochloride,Dilazep dihydrochloride,Pinacidil,Vinpocetine,Vincamine,Cinnarizine,Lisinopril,Ifenprodil tartrate,Flunarizine dihydrochloride,Alfuzosin hydrochloride,Procainamide hydrochloride,Bepridil hydrochloride ,Benzbromarone,Nafronyl oxalate,Lidoflazine,Ketanserin tartrate hydrate,Suloctidil,Buflomedil hydrochloride,Betahistine mesylate,Molsidomine,Trimetazidine dihydrochloride,Prenylamine lactate,Papaverine hydrochloride,Yohimbine hydrochloride,Eburnamonine (-),Pempidine tartrate,Aminophylline,Nylidrin,Theophylline monohydrate,Carbachol,Niacin,Urapidil hydrochloride,(+)-Isoproterenol (+)-bitartrate salt,Nimodipine,Piribedil hydrochloride,Fluticasone propionate,Trapidil,Deptropine citrate,Alprostadil,Milrinone,Spaglumic acid,(-)-Isoproterenol hydrochloride,Bosentan,Fenoldopam,Valsartan,,,,,,,,,,,,,,,,,,,,,,,,,,,,,,,,,,,,,,,,,,,,,,,,,,,,,,,,,,,,,,,,,,,,,,,,,,,,,,,,,,,,,,,,,,,,,,,,,,,,,,,,,,,,,,,,,,,,,,,,,,,,
Antiparkinsonian,Levodopa,R(-) Apomorphine hydrochloride hemihydrate,Bromocryptine mesylate,Orphenadrine hydrochloride,Pergolide mesylate,Clozapine,Metixene hydrochloride,Biperiden hydrochloride,Selegiline hydrochloride,Entacapone,Ropinirole HCl,Carbidopa,"Trihexyphenidyl-D,L Hydrochloride",Pridinol methanesulfonate salt,Ethopropazine hydrochloride,Procyclidine hydrochloride,Idazoxan hydrochloride,Benserazide hydrochloride,Memantine Hydrochloride,Piribedil hydrochloride,Pramipexole dihydrochloride,Benztropine mesylate,Tolcapone,Rasagiline,,,,,,,,,,,,,,,,,,,,,,,,,,,,,,,,,,,,,,,,,,,,,,,,,,,,,,,,,,,,,,,,,,,,,,,,,,,,,,,,,,,,,,,,,,,,,,,,,,,,,,,,,,,,,,,,,,,,,,,,,,,,,,,,,,,,,,,,,,,,,,,,,,,,,,,,,,,,,,,
Antiviral,Idoxuridine,Moroxidine hydrochloride,Acyclovir,Didanosine,"Zidovudine, AZT",Pepstatin A,Adamantamine fumarate,Lamivudine,Valacyclovir hydrochloride,Efavirenz,Rimantadine Hydrochloride,(-)-Emtricitabine,Penciclovir,Vidarabine,Podophyllotoxin,Ganciclovir,Abacavir Sulfate,Stavudine,Floxuridine,Ribavirin,Zuclopenthixol dihydrochloride,Zalcitabine,Trifluridine,Saquinavir mesylate,Famciclovir,Imiquimod,Nelfinavir mesylate,Nevirapine,Indinavir sulfate,Ritonavir,,,,,,,,,,,,,,,,,,,,,,,,,,,,,,,,,,,,,,,,,,,,,,,,,,,,,,,,,,,,,,,,,,,,,,,,,,,,,,,,,,,,,,,,,,,,,,,,,,,,,,,,,,,,,,,,,,,,,,,,,,,,,,,,,,,,,,,,,,,,,,,,,,,,,,,,,
Anti-alopecia,Minoxidil,Panthenol (D),Finasteride,,,,,,,,,,,,,,,,,,,,,,,,,,,,,,,,,,,,,,,,,,,,,,,,,,,,,,,,,,,,,,,,,,,,,,,,,,,,,,,,,,,,,,,,,,,,,,,,,,,,,,,,,,,,,,,,,,,,,,,,,,,,,,,,,,,,,,,,,,,,,,,,,,,,,,,,,,,,,,,,,,,,,,,,,,,,,,,,,,,,
Contraceptive,Norethynodrel,Lynestrenol,Norethindrone,Ethisterone,Norgestrel-(-)-D,Ethynodiol diacetate,Megestrol acetate,Gestrinone,Nomegestrol acetate,Cyproterone acetate,Estradiol Valerate,Ethinylestradiol,Algestone acetophenide,,,,,,,,,,,,,,,,,,,,,,,,,,,,,,,,,,,,,,,,,,,,,,,,,,,,,,,,,,,,,,,,,,,,,,,,,,,,,,,,,,,,,,,,,,,,,,,,,,,,,,,,,,,,,,,,,,,,,,,,,,,,,,,,,,,,,,,,,,,,,,,,,,,,,,,,,,,,,,,,,,,,,,,,,,
Antiulcer,Cimetidine,Diphemanil methylsulfate,Famotidine,Pirenzepine dihydrochloride,Ranitidine hydrochloride,Proglumide,Telenzepine dihydrochloride,Roxatidine Acetate HCl,Omeprazole,Norcyclobenzaprine,Tenatoprazole,Rebamipide,Mepenzolate bromide,Irsogladine maleate,Isopropamide iodide,Carbenoxolone disodium salt,Rabeprazole Sodium salt,Lorglumide sodium salt,Nizatidine,Lansoprazole,Misoprostol,Troxipide,Pantoprazole sodium,Ethoxzolamide,,,,,,,,,,,,,,,,,,,,,,,,,,,,,,,,,,,,,,,,,,,,,,,,,,,,,,,,,,,,,,,,,,,,,,,,,,,,,,,,,,,,,,,,,,,,,,,,,,,,,,,,,,,,,,,,,,,,,,,,,,,,,,,,,,,,,,,,,,,,,,,,,,,,,,,,,,,,,,,
Anti-anorectic,Doxylamine succinate,,,,,,,,,,,,,,,,,,,,,,,,,,,,,,,,,,,,,,,,,,,,,,,,,,,,,,,,,,,,,,,,,,,,,,,,,,,,,,,,,,,,,,,,,,,,,,,,,,,,,,,,,,,,,,,,,,,,,,,,,,,,,,,,,,,,,,,,,,,,,,,,,,,,,,,,,,,,,,,,,,,,,,,,,,,,,,,,,,,,,,
Antiemetic,Doxylamine succinate,Triflupromazine hydrochloride,Sulpiride,Chlorpromazine hydrochloride,Diphenhydramine hydrochloride,Trimethobenzamide hydrochloride,Haloperidol,Perphenazine,Hydroxyzine dihydrochloride,Thioproperazine dimesylate,Metoclopramide monohydrochloride,Tiapride hydrochloride,Hyoscyamine (L) ,Diphenidol hydrochloride,Dimenhydrinate,Clemastine fumarate,Trifluoperazine dihydrochloride,Domperidone,Chlorprothixene hydrochloride,Clebopride maleate,Prochlorperazine dimaleate,Alizapride HCl,Meclozine dihydrochloride,Tropisetron HCl,Cyclizine hydrochloride,Acetopromazine maleate salt,Quipazine dimaleate salt,Bromopride,Chlorcyclizine hydrochloride,Aprepitant,Methotrimeprazine maleat salt,Scopolamine hydrochloride,Dolasetron mesilate,Thioperamide maleate,Thiethylperazine dimalate ,Granisetron,"1,8-Dihydroxyanthraquinone",Phenothiazine,Palonosetron hydrochloride,,,,,,,,,,,,,,,,,,,,,,,,,,,,,,,,,,,,,,,,,,,,,,,,,,,,,,,,,,,,,,,,,,,,,,,,,,,,,,,,,,,,,,,,,,,,,,,,,,,,,,,,,,,,,,,,,,,,,,,,,,,,,,,,,,,,,,,,,,,,,,,,
Antihistaminic,Doxylamine succinate,Pheniramine maleate,Diphenhydramine hydrochloride,Cyproheptadine hydrochloride,Chlorpheniramine maleate,Hydroxyzine dihydrochloride,Astemizole,Terfenadine,Clemizole hydrochloride,Orphenadrine hydrochloride,Antazoline hydrochloride,Triprolidine hydrochloride,Dimenhydrinate,Cinnarizine,Homochlorcyclizine dihydrochloride,Pyrilamine maleate,Pimethixene maleate,Clemastine fumarate,Methapyrilene hydrochloride,Pemirolast potassium,Ketotifen fumarate,"Mebhydroline 1,5-naphtalenedisulfonate",Meclozine dihydrochloride,Brompheniramine maleate,Cetirizine dihydrochloride,Cyclizine hydrochloride,Azelastine HCl,Emedastine,Loratadine,Chlorcyclizine hydrochloride,Diphenylpyraline hydrochloride,Carbinoxamine maleate salt,Chloropyramine hydrochloride,Trimeprazine tartrate,Promethazine hydrochloride,Pizotifen malate,Lodoxamide,Deptropine citrate,Levocabastine hydrochloride,Fexofenadine HCl,Olopatadine hydrochloride,Desloratadine,Tripelennamine hydrochloride,Azatadine maleate,,,,,,,,,,,,,,,,,,,,,,,,,,,,,,,,,,,,,,,,,,,,,,,,,,,,,,,,,,,,,,,,,,,,,,,,,,,,,,,,,,,,,,,,,,,,,,,,,,,,,,,,,,,,,,,,,,,,,,,,,,,,,,,,,,,,,,,,,,,
Sedative,Doxylamine succinate,Pheniramine maleate,Diphenhydramine hydrochloride,Cyproheptadine hydrochloride,Chlorpheniramine maleate,Hydroxyzine dihydrochloride,Tiapride hydrochloride,Clonidine hydrochloride,Antazoline hydrochloride,Triprolidine hydrochloride,Cinnarizine,Homochlorcyclizine dihydrochloride,Pyrilamine maleate,Pimethixene maleate,Clemastine fumarate,Methapyrilene hydrochloride,Carisoprodol,Meclozine dihydrochloride,Butalbital,Brompheniramine maleate,Cyclizine hydrochloride,Pentobarbital,Acetopromazine maleate salt,Zaleplon,Xylazine,Zopiclone,Chlorcyclizine hydrochloride,Diphenylpyraline hydrochloride,Trimetozine,Methotrimeprazine maleat salt,Pyrithyldione,Trimeprazine tartrate,Promethazine hydrochloride,Propofol,THIP Hydrochloride,Tracazolate hydrochloride,Pizotifen malate,Zuclopenthixol dihydrochloride,Azaperone,Phenprobamate,Lofepramine,,,,,,,,,,,,,,,,,,,,,,,,,,,,,,,,,,,,,,,,,,,,,,,,,,,,,,,,,,,,,,,,,,,,,,,,,,,,,,,,,,,,,,,,,,,,,,,,,,,,,,,,,,,,,,,,,,,,,,,,,,,,,,,,,,,,,,,,,,,,,,
Analgesic,Antipyrine,Epirizole,Diflunisal,Isoxicam,Naproxen,Carbamazepine,Mefenamic acid,Sulindac,Amidopyrine,Acetylsalicylsalicylic acid,Naltrexone hydrochloride dihydrate,Nalbuphine hydrochloride,Aceclofenac,Ampyrone,Methocarbamol,Flufenamic acid,Tolfenamic acid,Piroxicam,Fenbufen,Ketoprofen,Nifenazone,Nefopam hydrochloride,Etodolac,Bufexamac,Clonidine hydrochloride,Niflumic acid,Indomethacin,Glafenine hydrochloride,Benzydamine hydrochloride,Carisoprodol,Cyanocobalamin,Tiaprofenic acid,Tenoxicam,Phenacetin,Galanthamine hydrobromide,Xylazine,Etoricoxib,Suxibuzone,"D,L-Penicillamine",Tramadol hydrochloride,Famprofazone,Dipyrone,Isopyrin hydrochloride,Flunixin meglumine,Phenazopyridine hydrochloride,Methotrimeprazine maleat salt,Auranofin,Fosfosal,Suprofen,Indoprofen,Acetaminophen,Felbinac,S-(+)-ibuprofen,Nabumetone,Flurbiprofen,Ketorolac tromethamine,Azapropazone,Meptazinol hydrochloride,Levopropoxyphene napsylate,Oxaprozin,(-)-Eseroline fumarate salt,Clonixin Lysinate,Acetylsalicylic acid,Histamine dihydrochloride,Ampiroxicam,Milnacipran hydrochloride,,,,,,,,,,,,,,,,,,,,,,,,,,,,,,,,,,,,,,,,,,,,,,,,,,,,,,,,,,,,,,,,,,,,,,,,,,,,,,,,,,,,,,,,,,,,,,,,,,,,,,,,,,,,,,,,,,,,,
Antipyretic,Antipyrine,Epirizole,Diflunisal,Isoxicam,Naproxen,Mefenamic acid,Sulindac,Amidopyrine,Acetylsalicylsalicylic acid,Ampyrone,Flufenamic acid,Meclofenamic acid sodium salt monohydrate,Piroxicam,Fenbufen,Ketoprofen,Nifenazone,Etodolac,Bufexamac,Niflumic acid,Indomethacin,Benzydamine hydrochloride,Carisoprodol,Tiaprofenic acid,Tenoxicam,Phenacetin,Suxibuzone,Famprofazone,Dipyrone,Isopyrin hydrochloride,Flunixin meglumine,Acetaminophen,Ketorolac tromethamine,Acetylsalicylic acid,,,,,,,,,,,,,,,,,,,,,,,,,,,,,,,,,,,,,,,,,,,,,,,,,,,,,,,,,,,,,,,,,,,,,,,,,,,,,,,,,,,,,,,,,,,,,,,,,,,,,,,,,,,,,,,,,,,,,,,,,,,,,,,,,,,,,,,,,,,,,,,,,,,,,,
Antispastic,Diprophylline,Dicyclomine hydrochloride,"Homatropine hydrobromide (R,S)",Adiphenine hydrochloride,Diphemanil methylsulfate,"Baclofen (R,S)",Khellin,Riluzole hydrochloride,Etofylline,Alverine citrate salt,Scopolamin-N-oxide hydrobromide,Hyoscyamine (L) ,Flavoxate hydrochloride,Doxepin hydrochloride,Oxybutynin chloride,Mebeverine hydrochloride,Benzbromarone,Nafronyl oxalate,Clebopride maleate,Carbetapentane citrate,Metixene hydrochloride,Thiocolchicoside,Parthenolide,Atropine sulfate monohydrate,Papaverine hydrochloride,Pinaverium bromide,Mepenzolate bromide,Butylscopolammonium (n-) bromide,Glycopyrrolate,Pipenzolate bromide,Drofenine hydrochloride,Clidinium bromide,Oxalamine citrate salt,Propantheline bromide,Ethaverine hydrochloride,Methylatropine nitrate,Memantine Hydrochloride,Tridihexethyl chloride,Piperidolate hydrochloride,Methantheline bromide,Trimebutine,,,,,,,,,,,,,,,,,,,,,,,,,,,,,,,,,,,,,,,,,,,,,,,,,,,,,,,,,,,,,,,,,,,,,,,,,,,,,,,,,,,,,,,,,,,,,,,,,,,,,,,,,,,,,,,,,,,,,,,,,,,,,,,,,,,,,,,,,,,,,,
Bronchodilator,Diprophylline,Etofylline,Pentoxifylline,Salbutamol,Fenspiride hydrochloride,Fenoterol hydrobromide,Pimethixene maleate,Clenbuterol hydrochloride,Bambuterol hydrochloride,Terbutaline hemisulfate,"Metaproterenol sulfate, orciprenaline sulfate",Doxofylline,Dipyrone,Isoetharine mesylate salt,Guaifenesin,Aminophylline,Theophylline monohydrate,Theobromine,(+)-Isoproterenol (+)-bitartrate salt,Salmeterol,Zardaverine,Deptropine citrate,Levalbuterol hydrochloride,(-)-Isoproterenol hydrochloride,Tulobuterol,Racepinephrine HCl,,,,,,,,,,,,,,,,,,,,,,,,,,,,,,,,,,,,,,,,,,,,,,,,,,,,,,,,,,,,,,,,,,,,,,,,,,,,,,,,,,,,,,,,,,,,,,,,,,,,,,,,,,,,,,,,,,,,,,,,,,,,,,,,,,,,,,,,,,,,,,,,,,,,,,,,,,,,,
Antimalarial,Dapsone,Pyrimethamine,Mefloquine hydrochloride,Trimethoprim ,Quinidine hydrochloride monohydrate,Amodiaquin dihydrochloride dihydrate,Quinacrine dihydrochloride hydrate,Primaquine diphosphate,Artemisinin,Atovaquone,Chloroquine diphosphate,Hydroxychloroquine sulfate,Proguanil hydrochloride,Halofantrine hydrochloride,,,,,,,,,,,,,,,,,,,,,,,,,,,,,,,,,,,,,,,,,,,,,,,,,,,,,,,,,,,,,,,,,,,,,,,,,,,,,,,,,,,,,,,,,,,,,,,,,,,,,,,,,,,,,,,,,,,,,,,,,,,,,,,,,,,,,,,,,,,,,,,,,,,,,,,,,,,,,,,,,,,,,,,,,
Antiprotozoal,Pyrimethamine,Metronidazole,Ciprofloxacin hydrochloride monohydrate,Ornidazole,Quinacrine dihydrochloride hydrate,Carbarsone,Niridazole,Atovaquone,Chloroquine diphosphate,Pentamidine isethionate,Ronidazole,Nitazoxanide,,,,,,,,,,,,,,,,,,,,,,,,,,,,,,,,,,,,,,,,,,,,,,,,,,,,,,,,,,,,,,,,,,,,,,,,,,,,,,,,,,,,,,,,,,,,,,,,,,,,,,,,,,,,,,,,,,,,,,,,,,,,,,,,,,,,,,,,,,,,,,,,,,,,,,,,,,,,,,,,,,,,,,,,,,,
Uricosuric,Diflunisal,Piroxicam,Indomethacin,Fenofibrate,Sulfinpyrazone,Zoxazolamine,Benzbromarone,Probenecid,,,,,,,,,,,,,,,,,,,,,,,,,,,,,,,,,,,,,,,,,,,,,,,,,,,,,,,,,,,,,,,,,,,,,,,,,,,,,,,,,,,,,,,,,,,,,,,,,,,,,,,,,,,,,,,,,,,,,,,,,,,,,,,,,,,,,,,,,,,,,,,,,,,,,,,,,,,,,,,,,,,,,,,,,,,,,,,
Antihelmintic,Niclosamide,Morantel tartrate,Ivermectin,Levamisole hydrochloride,Fenbendazole,Pyrantel tartrate,Mebendazole,Albendazole,Praziquantel,Diethylcarbamazine citrate,Quinacrine dihydrochloride hydrate,Hycanthone,Oxantel pamoate,Niridazole,Closantel,Tiabendazole,Clorsulon,Tetramisole hydrochloride,Avermectin B1a,Methiazole,Triclabendazole,,,,,,,,,,,,,,,,,,,,,,,,,,,,,,,,,,,,,,,,,,,,,,,,,,,,,,,,,,,,,,,,,,,,,,,,,,,,,,,,,,,,,,,,,,,,,,,,,,,,,,,,,,,,,,,,,,,,,,,,,,,,,,,,,,,,,,,,,,,,,,,,,,,,,,,,,,,,,,,,,,
Erectile dysfunction treatment,Moxisylyte hydrochoride,Zaprinast,Papaverine hydrochloride,Yohimbine hydrochloride,Alprostadil,Vardenafil,Sildenafil,,,,,,,,,,,,,,,,,,,,,,,,,,,,,,,,,,,,,,,,,,,,,,,,,,,,,,,,,,,,,,,,,,,,,,,,,,,,,,,,,,,,,,,,,,,,,,,,,,,,,,,,,,,,,,,,,,,,,,,,,,,,,,,,,,,,,,,,,,,,,,,,,,,,,,,,,,,,,,,,,,,,,,,,,,,,,,,,
Diagnostic,Betazole hydrochloride,,,,,,,,,,,,,,,,,,,,,,,,,,,,,,,,,,,,,,,,,,,,,,,,,,,,,,,,,,,,,,,,,,,,,,,,,,,,,,,,,,,,,,,,,,,,,,,,,,,,,,,,,,,,,,,,,,,,,,,,,,,,,,,,,,,,,,,,,,,,,,,,,,,,,,,,,,,,,,,,,,,,,,,,,,,,,,,,,,,,,,
Nasal Decongestant,Naphazoline hydrochloride,Xylometazoline hydrochloride,Oxymetazoline hydrochloride,Phenylpropanolamine hydrochloride,Tetrahydrozoline hydrochloride,,,,,,,,,,,,,,,,,,,,,,,,,,,,,,,,,,,,,,,,,,,,,,,,,,,,,,,,,,,,,,,,,,,,,,,,,,,,,,,,,,,,,,,,,,,,,,,,,,,,,,,,,,,,,,,,,,,,,,,,,,,,,,,,,,,,,,,,,,,,,,,,,,,,,,,,,,,,,,,,,,,,,,,,,,,,,,,,,,
Vasoconstrictor,Naphazoline hydrochloride,Metaraminol bitartrate,Xylometazoline hydrochloride,Oxymetazoline hydrochloride,Phenylpropanolamine hydrochloride,Methoxamine hydrochloride,Tetrahydrozoline hydrochloride,Mephentermine hemisulfate,Levonordefrin,Etilefrine hydrochloride,Isometheptene mucate,"(+,-)-Synephrine",Racepinephrine HCl,Rizatriptan benzoate,,,,,,,,,,,,,,,,,,,,,,,,,,,,,,,,,,,,,,,,,,,,,,,,,,,,,,,,,,,,,,,,,,,,,,,,,,,,,,,,,,,,,,,,,,,,,,,,,,,,,,,,,,,,,,,,,,,,,,,,,,,,,,,,,,,,,,,,,,,,,,,,,,,,,,,,,,,,,,,,,,,,,,,,,
Anticoagulant,Ticlopidine hydrochloride,Acetylsalicylsalicylic acid,Picotamide monohydrate,Dipyridamole,Ampyrone,Piroxicam,Acenocoumarol,Triflusal,Phenindione,Molsidomine,Gliclazide,Argatroban,Cilostazol,Warfarin,Dicumarol,Gabexate mesilate,,,,,,,,,,,,,,,,,,,,,,,,,,,,,,,,,,,,,,,,,,,,,,,,,,,,,,,,,,,,,,,,,,,,,,,,,,,,,,,,,,,,,,,,,,,,,,,,,,,,,,,,,,,,,,,,,,,,,,,,,,,,,,,,,,,,,,,,,,,,,,,,,,,,,,,,,,,,,,,,,,,,,,,
Antiplatelet,Ticlopidine hydrochloride,Picotamide monohydrate,Diltiazem hydrochloride,Dipyridamole,Piroxicam,Etodolac,Dilazep dihydrochloride,Sulfinpyrazone,Suloctidil,Triflusal,Molsidomine,Ethamsylate,Clopidogrel,,,,,,,,,,,,,,,,,,,,,,,,,,,,,,,,,,,,,,,,,,,,,,,,,,,,,,,,,,,,,,,,,,,,,,,,,,,,,,,,,,,,,,,,,,,,,,,,,,,,,,,,,,,,,,,,,,,,,,,,,,,,,,,,,,,,,,,,,,,,,,,,,,,,,,,,,,,,,,,,,,,,,,,,,,
Antiarrhythmic,Lidocaine hydrochloride,Acebutolol hydrochloride,Pindolol,Diltiazem hydrochloride,Mexiletine hydrochloride,Alprenolol hydrochloride,Disopyramide,Quinidine hydrochloride monohydrate,Clofilium tosylate,Bisoprolol fumarate,Procainamide hydrochloride,Adenosine 5'-monophosphate monohydrate,Bepridil hydrochloride ,Lidoflazine,Amiodarone hydrochloride,Propafenone hydrochloride,(S)-(-)-Atenolol,Ibutilide fumarate,"Metoprolol-(+,-) (+)-tartrate salt",Flecainide acetate,Esmolol hydrochloride,Bretylium tosylate,Timolol maleate salt,(R)-(+)-Atenolol,Sotalol hydrochloride,Pronethalol hydrochloride,Nifekalant,Tocainide hydrochloride,Penbutolol sulfate,Moricizine hydrochloride,Oxprenolol hydrochloride,(R)-Propranolol hydrochloride,(S)-propranolol hydrochloride,Dofetilide,,,,,,,,,,,,,,,,,,,,,,,,,,,,,,,,,,,,,,,,,,,,,,,,,,,,,,,,,,,,,,,,,,,,,,,,,,,,,,,,,,,,,,,,,,,,,,,,,,,,,,,,,,,,,,,,,,,,,,,,,,,,,,,,,,,,,,,,,,,,,,,,,,,,,
Antidiuretic,Carbamazepine,Diazoxide,,,,,,,,,,,,,,,,,,,,,,,,,,,,,,,,,,,,,,,,,,,,,,,,,,,,,,,,,,,,,,,,,,,,,,,,,,,,,,,,,,,,,,,,,,,,,,,,,,,,,,,,,,,,,,,,,,,,,,,,,,,,,,,,,,,,,,,,,,,,,,,,,,,,,,,,,,,,,,,,,,,,,,,,,,,,,,,,,,,,,
Muscle relaxant,Carbamazepine,"Baclofen (R,S)",Gallamine triethiodide,Chlorzoxazone,Mephenesin,Methocarbamol,Chlorphensin carbamate,Doxepin hydrochloride,Dantrolene sodium salt ,Zoxazolamine,Chlormezanone,Terbutaline hemisulfate,Carisoprodol,Cyclobenzaprine hydrochloride,Thiocolchicoside,Tizanidine HCl,Aminophylline,Procyclidine hydrochloride,Hymecromone,Decamethonium bromide,Pancuronium bromide,Alcuronium chloride,Vecuronium bromide,Phenprobamate,Tolterodine tartrate,Cisatracurium besylate,,,,,,,,,,,,,,,,,,,,,,,,,,,,,,,,,,,,,,,,,,,,,,,,,,,,,,,,,,,,,,,,,,,,,,,,,,,,,,,,,,,,,,,,,,,,,,,,,,,,,,,,,,,,,,,,,,,,,,,,,,,,,,,,,,,,,,,,,,,,,,,,,,,,,,,,,,,,,
Antipsychotic,Triflupromazine hydrochloride,Sulpiride,Chlorpromazine hydrochloride,Thioridazine hydrochloride,Azacyclonol,Amoxapine,Haloperidol,Perphenazine,Loxapine succinate,Thioproperazine dimesylate,Asenapine maleate,Tiapride hydrochloride,Spiperone,Pimozide,Trifluoperazine dihydrochloride,Fluphenazine dihydrochloride,Chlorprothixene hydrochloride,Clozapine,Droperidol,Methiothepin maleate,Prochlorperazine dimaleate,Zotepine,Quetiapine hemifumarate,Benperidol,Bromperidol,Mesoridazine besylate,Ziprasidone  Hydrochloride,Acetopromazine maleate salt,Amisulpride,Sertindole,Opipramol dihydrochloride,Promazine hydrochloride,Olanzapine,Reserpine,Fluspirilen,Rolipram,Idazoxan hydrochloride,Remoxipride Hydrochloride,Zuclopenthixol dihydrochloride,Risperidone,Molindone hydrochloride,Piperacetazine,Azaperone,Aripiprazole,Donepezil hydrochloride,Perospirone,Phenothiazine,,,,,,,,,,,,,,,,,,,,,,,,,,,,,,,,,,,,,,,,,,,,,,,,,,,,,,,,,,,,,,,,,,,,,,,,,,,,,,,,,,,,,,,,,,,,,,,,,,,,,,,,,,,,,,,,,,,,,,,,,,,,,,,,,,,,,,,,
Anxiolytic,Triflupromazine hydrochloride,Mianserine hydrochloride,Loxapine succinate,Hydroxyzine dihydrochloride,Tiapride hydrochloride,Chlormezanone,Maprotiline hydrochloride,Prenylamine lactate,Phenprobamate,Pregabalin,Lofepramine,,,,,,,,,,,,,,,,,,,,,,,,,,,,,,,,,,,,,,,,,,,,,,,,,,,,,,,,,,,,,,,,,,,,,,,,,,,,,,,,,,,,,,,,,,,,,,,,,,,,,,,,,,,,,,,,,,,,,,,,,,,,,,,,,,,,,,,,,,,,,,,,,,,,,,,,,,,,,,,,,,,,,,,,,,,,
Antidepressant,Sulpiride,Minaprine dihydrochloride,Imipramine hydrochloride,Amitryptiline hydrochloride,Zimelidine dihydrochloride monohydrate,Mianserine hydrochloride,Amoxapine,Nomifensine maleate,Phenelzine sulfate,Tranylcypromine hydrochloride,Iproniazide phosphate,Pargyline hydrochloride,Bupropion hydrochloride,Nortriptyline hydrochloride,Doxepin hydrochloride,Clomipramine hydrochloride,Trazodone hydrochloride,Desipramine hydrochloride,Clorgyline hydrochloride,Maprotiline hydrochloride,Moclobemide,Nefazodone HCl,GBR 12909 dihydrochloride,Dibenzepine hydrochloride,Dosulepin hydrochloride,Fluoxetine hydrochloride,Mirtazapine,DO 897/99,Escitalopram oxalate,Reboxetine mesylate,Opipramol dihydrochloride,Citalopram Hydrobromide,Venlafaxine,Isocarboxazid,Trimipramine maleate salt,Viloxazine hydrochloride,Paroxetine Hydrochloride,Nisoxetine hydrochloride,Rolipram,Protriptyline hydrochloride,Indatraline hydrochloride,Pirlindole mesylate,Fluvoxamine maleate,Sertraline,Nialamide,Lofepramine,Milnacipran hydrochloride,,,,,,,,,,,,,,,,,,,,,,,,,,,,,,,,,,,,,,,,,,,,,,,,,,,,,,,,,,,,,,,,,,,,,,,,,,,,,,,,,,,,,,,,,,,,,,,,,,,,,,,,,,,,,,,,,,,,,,,,,,,,,,,,,,,,,,,,
Mydriatic,"Homatropine hydrobromide (R,S)",Tropicamide,Scopolamin-N-oxide hydrobromide,Hyoscyamine (L) ,Atropine sulfate monohydrate,Methylatropine nitrate,,,,,,,,,,,,,,,,,,,,,,,,,,,,,,,,,,,,,,,,,,,,,,,,,,,,,,,,,,,,,,,,,,,,,,,,,,,,,,,,,,,,,,,,,,,,,,,,,,,,,,,,,,,,,,,,,,,,,,,,,,,,,,,,,,,,,,,,,,,,,,,,,,,,,,,,,,,,,,,,,,,,,,,,,,,,,,,,,
Antianginal,Nifedipine,Acebutolol hydrochloride,Pindolol,Nicorandil,Diltiazem hydrochloride,Alprenolol hydrochloride,Fendiline hydrochloride,Perhexiline maleate,Bisoprolol fumarate,Practolol,Bepridil hydrochloride ,Benzbromarone,Lidoflazine,Nicardipine hydrochloride,Amiodarone hydrochloride,Felodipine,(S)-(-)-Atenolol,Molsidomine,Trimetazidine dihydrochloride,Prenylamine lactate,Celiprolol HCl,Nilvadipine,Nisoldipine,Isosorbide dinitrate,Nadolol,Timolol maleate salt,(R)-(+)-Atenolol,Sotalol hydrochloride,Pronethalol hydrochloride,Ozagrel hydrochloride,Isradipine,Penbutolol sulfate,Oxprenolol hydrochloride,(R)-Propranolol hydrochloride,(S)-propranolol hydrochloride,Isosorbide mononitrate,Ranolazine,,,,,,,,,,,,,,,,,,,,,,,,,,,,,,,,,,,,,,,,,,,,,,,,,,,,,,,,,,,,,,,,,,,,,,,,,,,,,,,,,,,,,,,,,,,,,,,,,,,,,,,,,,,,,,,,,,,,,,,,,,,,,,,,,,,,,,,,,,,,,,,,,,
Anti-Alzheimer,Minaprine dihydrochloride,"Hydroxytacrine maleate (R,S)",Galanthamine hydrobromide,Aniracetam,Memantine Hydrochloride,Fursultiamine Hydrochloride,Donepezil hydrochloride,,,,,,,,,,,,,,,,,,,,,,,,,,,,,,,,,,,,,,,,,,,,,,,,,,,,,,,,,,,,,,,,,,,,,,,,,,,,,,,,,,,,,,,,,,,,,,,,,,,,,,,,,,,,,,,,,,,,,,,,,,,,,,,,,,,,,,,,,,,,,,,,,,,,,,,,,,,,,,,,,,,,,,,,,,,,,,,,
Antifungal,Miconazole,Tolnaftate,Tioconazole,Isoconazole,Antimycin A,Griseofulvin,Clemizole hydrochloride,Clotrimazole,Econazole nitrate,Ketoconazole,Haloprogin,Butoconazole nitrate,Amphotericin B,Terconazole,Nystatine,Tiabendazole,Ciclopirox ethanolamine,Hexetidine,Pentamidine isethionate,Itraconazole,Voriconazole,Butenafine Hydrochloride,Oxiconazole Nitrate,Liranaftate,Ethoxyquin,Sulconazole nitrate,Clioquinol,Butylparaben,Flucytosine,Enilconazole,Sertaconazole nitrate,Naftifine hydrochloride,Imidurea,4-aminosalicylic acid,Clonixin Lysinate,Fluconazole,Triclosan,Bifonazole,Amorolfine hydrochloride,Terbinafine,,,,,,,,,,,,,,,,,,,,,,,,,,,,,,,,,,,,,,,,,,,,,,,,,,,,,,,,,,,,,,,,,,,,,,,,,,,,,,,,,,,,,,,,,,,,,,,,,,,,,,,,,,,,,,,,,,,,,,,,,,,,,,,,,,,,,,,,,,,,,,,
Antipruritic,Prednisone,Cyproheptadine hydrochloride,Hydroxyzine dihydrochloride,Terfenadine,Clemizole hydrochloride,Doxepin hydrochloride,Fludrocortisone acetate,Pyrilamine maleate,Pemirolast potassium,Betamethasone,Brompheniramine maleate,Cetirizine dihydrochloride,Diflorasone Diacetate,Dimethisoquin hydrochloride,Flurandrenolide,Halcinonide,Diphenylpyraline hydrochloride,Trimeprazine tartrate,Crotamiton,,,,,,,,,,,,,,,,,,,,,,,,,,,,,,,,,,,,,,,,,,,,,,,,,,,,,,,,,,,,,,,,,,,,,,,,,,,,,,,,,,,,,,,,,,,,,,,,,,,,,,,,,,,,,,,,,,,,,,,,,,,,,,,,,,,,,,,,,,,,,,,,,,,,,,,,,,,,,,,,,,,,
Immunosuppressant,Prednisone,Azathioprine,Triamcinolone,Dexamethasone acetate,Thalidomide,Cortisone,Prednisolone,"Methylprednisolone, 6-alpha",Betamethasone,"Amethopterin (R,S)",Corticosterone,Cyclosporin A,Doxorubicin hydrochloride,Mercaptopurine,Leflunomide,Deflazacort,Cyclophosphamide,,,,,,,,,,,,,,,,,,,,,,,,,,,,,,,,,,,,,,,,,,,,,,,,,,,,,,,,,,,,,,,,,,,,,,,,,,,,,,,,,,,,,,,,,,,,,,,,,,,,,,,,,,,,,,,,,,,,,,,,,,,,,,,,,,,,,,,,,,,,,,,,,,,,,,,,,,,,,,,,,,,,,,
Antiamebic,Metronidazole,Chlortetracycline hydrochloride,Carbarsone,Secnidazole,Tinidazole,Paromomycin sulfate,Clioquinol,Diloxanide furoate,,,,,,,,,,,,,,,,,,,,,,,,,,,,,,,,,,,,,,,,,,,,,,,,,,,,,,,,,,,,,,,,,,,,,,,,,,,,,,,,,,,,,,,,,,,,,,,,,,,,,,,,,,,,,,,,,,,,,,,,,,,,,,,,,,,,,,,,,,,,,,,,,,,,,,,,,,,,,,,,,,,,,,,,,,,,,,,
Anti-fatigue,Edrophonium chloride,Fipexide hydrochloride,Neostigmine bromide,Galanthamine hydrobromide,,,,,,,,,,,,,,,,,,,,,,,,,,,,,,,,,,,,,,,,,,,,,,,,,,,,,,,,,,,,,,,,,,,,,,,,,,,,,,,,,,,,,,,,,,,,,,,,,,,,,,,,,,,,,,,,,,,,,,,,,,,,,,,,,,,,,,,,,,,,,,,,,,,,,,,,,,,,,,,,,,,,,,,,,,,,,,,,,,,
Antabuse effect,Disulfiram,,,,,,,,,,,,,,,,,,,,,,,,,,,,,,,,,,,,,,,,,,,,,,,,,,,,,,,,,,,,,,,,,,,,,,,,,,,,,,,,,,,,,,,,,,,,,,,,,,,,,,,,,,,,,,,,,,,,,,,,,,,,,,,,,,,,,,,,,,,,,,,,,,,,,,,,,,,,,,,,,,,,,,,,,,,,,,,,,,,,,,
Emetic,R(-) Apomorphine hydrochloride hemihydrate,,,,,,,,,,,,,,,,,,,,,,,,,,,,,,,,,,,,,,,,,,,,,,,,,,,,,,,,,,,,,,,,,,,,,,,,,,,,,,,,,,,,,,,,,,,,,,,,,,,,,,,,,,,,,,,,,,,,,,,,,,,,,,,,,,,,,,,,,,,,,,,,,,,,,,,,,,,,,,,,,,,,,,,,,,,,,,,,,,,,,,
Anabolic,Danazol,Testosterone propionate,Androsterone,Epiandrosterone,Pregnenolone,Oxymetholone,,,,,,,,,,,,,,,,,,,,,,,,,,,,,,,,,,,,,,,,,,,,,,,,,,,,,,,,,,,,,,,,,,,,,,,,,,,,,,,,,,,,,,,,,,,,,,,,,,,,,,,,,,,,,,,,,,,,,,,,,,,,,,,,,,,,,,,,,,,,,,,,,,,,,,,,,,,,,,,,,,,,,,,,,,,,,,,,,
Antigonadotropin,Danazol,Estradiol-17 beta,,,,,,,,,,,,,,,,,,,,,,,,,,,,,,,,,,,,,,,,,,,,,,,,,,,,,,,,,,,,,,,,,,,,,,,,,,,,,,,,,,,,,,,,,,,,,,,,,,,,,,,,,,,,,,,,,,,,,,,,,,,,,,,,,,,,,,,,,,,,,,,,,,,,,,,,,,,,,,,,,,,,,,,,,,,,,,,,,,,,,
Opioate antidote,Naloxone hydrochloride,,,,,,,,,,,,,,,,,,,,,,,,,,,,,,,,,,,,,,,,,,,,,,,,,,,,,,,,,,,,,,,,,,,,,,,,,,,,,,,,,,,,,,,,,,,,,,,,,,,,,,,,,,,,,,,,,,,,,,,,,,,,,,,,,,,,,,,,,,,,,,,,,,,,,,,,,,,,,,,,,,,,,,,,,,,,,,,,,,,,,,
Thrombolytic,Picotamide monohydrate,Anagrelide,,,,,,,,,,,,,,,,,,,,,,,,,,,,,,,,,,,,,,,,,,,,,,,,,,,,,,,,,,,,,,,,,,,,,,,,,,,,,,,,,,,,,,,,,,,,,,,,,,,,,,,,,,,,,,,,,,,,,,,,,,,,,,,,,,,,,,,,,,,,,,,,,,,,,,,,,,,,,,,,,,,,,,,,,,,,,,,,,,,,,
Choleretic,Dehydrocholic acid,Chenodiol,Fenipentol,Lithocholic acid,Anethole-trithione,,,,,,,,,,,,,,,,,,,,,,,,,,,,,,,,,,,,,,,,,,,,,,,,,,,,,,,,,,,,,,,,,,,,,,,,,,,,,,,,,,,,,,,,,,,,,,,,,,,,,,,,,,,,,,,,,,,,,,,,,,,,,,,,,,,,,,,,,,,,,,,,,,,,,,,,,,,,,,,,,,,,,,,,,,,,,,,,,,
Antiseptic,Chlorhexidine,Mafenide hydrochloride,Dequalinium dichloride,Hexetidine,Thimerosal,Benzethonium chloride,Meglumine,Clioquinol,Thonzonium bromide,Triclosan,Hexachlorophene,Aminacrine,Benzoxiquine,,,,,,,,,,,,,,,,,,,,,,,,,,,,,,,,,,,,,,,,,,,,,,,,,,,,,,,,,,,,,,,,,,,,,,,,,,,,,,,,,,,,,,,,,,,,,,,,,,,,,,,,,,,,,,,,,,,,,,,,,,,,,,,,,,,,,,,,,,,,,,,,,,,,,,,,,,,,,,,,,,,,,,,,,,
Antidiarrheal,Loperamide hydrochloride,Racecadotril,Thiorphan,Alosetron hydrochloride,,,,,,,,,,,,,,,,,,,,,,,,,,,,,,,,,,,,,,,,,,,,,,,,,,,,,,,,,,,,,,,,,,,,,,,,,,,,,,,,,,,,,,,,,,,,,,,,,,,,,,,,,,,,,,,,,,,,,,,,,,,,,,,,,,,,,,,,,,,,,,,,,,,,,,,,,,,,,,,,,,,,,,,,,,,,,,,,,,,
Anti-ischemic,Nicergoline,Nafronyl oxalate,Trimetazidine dihydrochloride,,,,,,,,,,,,,,,,,,,,,,,,,,,,,,,,,,,,,,,,,,,,,,,,,,,,,,,,,,,,,,,,,,,,,,,,,,,,,,,,,,,,,,,,,,,,,,,,,,,,,,,,,,,,,,,,,,,,,,,,,,,,,,,,,,,,,,,,,,,,,,,,,,,,,,,,,,,,,,,,,,,,,,,,,,,,,,,,,,,,
Antimigraine,Dihydroergotamine tartrate,Sumatriptan succinate,(R)-(+)-Atenolol,Pizotifen malate,Isometheptene mucate,(R)-Propranolol hydrochloride,Topiramate,Rizatriptan benzoate,Phenothiazine,Lomerizine hydrochloride,,,,,,,,,,,,,,,,,,,,,,,,,,,,,,,,,,,,,,,,,,,,,,,,,,,,,,,,,,,,,,,,,,,,,,,,,,,,,,,,,,,,,,,,,,,,,,,,,,,,,,,,,,,,,,,,,,,,,,,,,,,,,,,,,,,,,,,,,,,,,,,,,,,,,,,,,,,,,,,,,,,,,,,,,,,,,
CNS Stimulant,Pentylenetetrazole,Mefexamide hydrochloride,Nortriptyline hydrochloride,Vinpocetine,Vincamine,Fipexide hydrochloride,Ascorbic acid,Tacrine hydrochloride,Tremorine dihydrochloride,Desipramine hydrochloride,Benfluorex,Modafinil,Gabazine bromide,Serotonin hydrochloride,Dosulepin hydrochloride,Piracetam,Acefylline,Meclofenoxate hydrochloride,Aminophylline,Paroxetine Hydrochloride,Theophylline monohydrate,Fluvoxamine maleate,Sertraline,Caffeine,Donepezil hydrochloride,,,,,,,,,,,,,,,,,,,,,,,,,,,,,,,,,,,,,,,,,,,,,,,,,,,,,,,,,,,,,,,,,,,,,,,,,,,,,,,,,,,,,,,,,,,,,,,,,,,,,,,,,,,,,,,,,,,,,,,,,,,,,,,,,,,,,,,,,,,,,,,,,,,,,,,,,,,,,,
Antitrichomonal,Ornidazole,Quinacrine dihydrochloride hydrate,Ronidazole,,,,,,,,,,,,,,,,,,,,,,,,,,,,,,,,,,,,,,,,,,,,,,,,,,,,,,,,,,,,,,,,,,,,,,,,,,,,,,,,,,,,,,,,,,,,,,,,,,,,,,,,,,,,,,,,,,,,,,,,,,,,,,,,,,,,,,,,,,,,,,,,,,,,,,,,,,,,,,,,,,,,,,,,,,,,,,,,,,,,
Neuroprotectant,Riluzole hydrochloride,Vinpocetine,,,,,,,,,,,,,,,,,,,,,,,,,,,,,,,,,,,,,,,,,,,,,,,,,,,,,,,,,,,,,,,,,,,,,,,,,,,,,,,,,,,,,,,,,,,,,,,,,,,,,,,,,,,,,,,,,,,,,,,,,,,,,,,,,,,,,,,,,,,,,,,,,,,,,,,,,,,,,,,,,,,,,,,,,,,,,,,,,,,,,
Hemostatic,Tranexamic acid,Ascorbic acid,Methylergometrine maleate,Aminocaproic acid,Ethamsylate,,,,,,,,,,,,,,,,,,,,,,,,,,,,,,,,,,,,,,,,,,,,,,,,,,,,,,,,,,,,,,,,,,,,,,,,,,,,,,,,,,,,,,,,,,,,,,,,,,,,,,,,,,,,,,,,,,,,,,,,,,,,,,,,,,,,,,,,,,,,,,,,,,,,,,,,,,,,,,,,,,,,,,,,,,,,,,,,,,
Cardiotonic,Etofylline,Dobutamine hydrochloride,Digitoxigenin,Digoxin,Sulmazole,Lanatoside C,,,,,,,,,,,,,,,,,,,,,,,,,,,,,,,,,,,,,,,,,,,,,,,,,,,,,,,,,,,,,,,,,,,,,,,,,,,,,,,,,,,,,,,,,,,,,,,,,,,,,,,,,,,,,,,,,,,,,,,,,,,,,,,,,,,,,,,,,,,,,,,,,,,,,,,,,,,,,,,,,,,,,,,,,,,,,,,,,
Immunomodulator,Levamisole hydrochloride,Tetramisole hydrochloride,Amiprilose hydrochloride,Amlexanox,Ubenimex,Actarit,,,,,,,,,,,,,,,,,,,,,,,,,,,,,,,,,,,,,,,,,,,,,,,,,,,,,,,,,,,,,,,,,,,,,,,,,,,,,,,,,,,,,,,,,,,,,,,,,,,,,,,,,,,,,,,,,,,,,,,,,,,,,,,,,,,,,,,,,,,,,,,,,,,,,,,,,,,,,,,,,,,,,,,,,,,,,,,,,
Hypnotic,Thalidomide,Butalbital,Pentobarbital,Zaleplon,Zopiclone,Pyrithyldione,Etomidate,,,,,,,,,,,,,,,,,,,,,,,,,,,,,,,,,,,,,,,,,,,,,,,,,,,,,,,,,,,,,,,,,,,,,,,,,,,,,,,,,,,,,,,,,,,,,,,,,,,,,,,,,,,,,,,,,,,,,,,,,,,,,,,,,,,,,,,,,,,,,,,,,,,,,,,,,,,,,,,,,,,,,,,,,,,,,,,,
Antihypotensive,Metaraminol bitartrate,Clonidine hydrochloride,Labetalol hydrochloride,Phenylpropanolamine hydrochloride,Bepridil hydrochloride ,Methoxamine hydrochloride,Pempidine tartrate,Mephentermine hemisulfate,,,,,,,,,,,,,,,,,,,,,,,,,,,,,,,,,,,,,,,,,,,,,,,,,,,,,,,,,,,,,,,,,,,,,,,,,,,,,,,,,,,,,,,,,,,,,,,,,,,,,,,,,,,,,,,,,,,,,,,,,,,,,,,,,,,,,,,,,,,,,,,,,,,,,,,,,,,,,,,,,,,,,,,,,,,,,,,
Tocolytic,Salbutamol,Fenoterol hydrobromide,Clenbuterol hydrochloride,Ritodrine hydrochloride,Bambuterol hydrochloride,,,,,,,,,,,,,,,,,,,,,,,,,,,,,,,,,,,,,,,,,,,,,,,,,,,,,,,,,,,,,,,,,,,,,,,,,,,,,,,,,,,,,,,,,,,,,,,,,,,,,,,,,,,,,,,,,,,,,,,,,,,,,,,,,,,,,,,,,,,,,,,,,,,,,,,,,,,,,,,,,,,,,,,,,,,,,,,,,,
Antihypothyroid,"Tiratricol, 3,3',5-triiodothyroacetic acid",Thyroxine (L),,,,,,,,,,,,,,,,,,,,,,,,,,,,,,,,,,,,,,,,,,,,,,,,,,,,,,,,,,,,,,,,,,,,,,,,,,,,,,,,,,,,,,,,,,,,,,,,,,,,,,,,,,,,,,,,,,,,,,,,,,,,,,,,,,,,,,,,,,,,,,,,,,,,,,,,,,,,,,,,,,,,,,,,,,,,,,,,,,,,,
Hypocholesterolemic,"Tiratricol, 3,3',5-triiodothyroacetic acid",Gemfibrozil,Fenofibrate,Bezafibrate,Probucol,Thyroxine (L),Lovastatin,Mevastatin,Ciprofibrate,Ezetimibe,,,,,,,,,,,,,,,,,,,,,,,,,,,,,,,,,,,,,,,,,,,,,,,,,,,,,,,,,,,,,,,,,,,,,,,,,,,,,,,,,,,,,,,,,,,,,,,,,,,,,,,,,,,,,,,,,,,,,,,,,,,,,,,,,,,,,,,,,,,,,,,,,,,,,,,,,,,,,,,,,,,,,,,,,,,,,
Lipid-lowering,Gemfibrozil,Fenofibrate,Bezafibrate,Thyroxine (L),,,,,,,,,,,,,,,,,,,,,,,,,,,,,,,,,,,,,,,,,,,,,,,,,,,,,,,,,,,,,,,,,,,,,,,,,,,,,,,,,,,,,,,,,,,,,,,,,,,,,,,,,,,,,,,,,,,,,,,,,,,,,,,,,,,,,,,,,,,,,,,,,,,,,,,,,,,,,,,,,,,,,,,,,,,,,,,,,,,
Antivertigo,Diphenidol hydrochloride,Dimenhydrinate,Cinnarizine,Cyclizine hydrochloride,N-Acetyl-L-leucine,Thiethylperazine dimalate ,,,,,,,,,,,,,,,,,,,,,,,,,,,,,,,,,,,,,,,,,,,,,,,,,,,,,,,,,,,,,,,,,,,,,,,,,,,,,,,,,,,,,,,,,,,,,,,,,,,,,,,,,,,,,,,,,,,,,,,,,,,,,,,,,,,,,,,,,,,,,,,,,,,,,,,,,,,,,,,,,,,,,,,,,,,,,,,,,
Keratolytic,Isotretinoin,Retinoic acid ,"Tetrahydroxy-1,4-quinone hydrate",Adapalene,,,,,,,,,,,,,,,,,,,,,,,,,,,,,,,,,,,,,,,,,,,,,,,,,,,,,,,,,,,,,,,,,,,,,,,,,,,,,,,,,,,,,,,,,,,,,,,,,,,,,,,,,,,,,,,,,,,,,,,,,,,,,,,,,,,,,,,,,,,,,,,,,,,,,,,,,,,,,,,,,,,,,,,,,,,,,,,,,,,
Cholagogue,Chenodiol,Lithocholic acid,,,,,,,,,,,,,,,,,,,,,,,,,,,,,,,,,,,,,,,,,,,,,,,,,,,,,,,,,,,,,,,,,,,,,,,,,,,,,,,,,,,,,,,,,,,,,,,,,,,,,,,,,,,,,,,,,,,,,,,,,,,,,,,,,,,,,,,,,,,,,,,,,,,,,,,,,,,,,,,,,,,,,,,,,,,,,,,,,,,,,
Abortifacient,Mifepristone,,,,,,,,,,,,,,,,,,,,,,,,,,,,,,,,,,,,,,,,,,,,,,,,,,,,,,,,,,,,,,,,,,,,,,,,,,,,,,,,,,,,,,,,,,,,,,,,,,,,,,,,,,,,,,,,,,,,,,,,,,,,,,,,,,,,,,,,,,,,,,,,,,,,,,,,,,,,,,,,,,,,,,,,,,,,,,,,,,,,,,
Antileishmanial,Quinacrine dihydrochloride hydrate,Meglumine,,,,,,,,,,,,,,,,,,,,,,,,,,,,,,,,,,,,,,,,,,,,,,,,,,,,,,,,,,,,,,,,,,,,,,,,,,,,,,,,,,,,,,,,,,,,,,,,,,,,,,,,,,,,,,,,,,,,,,,,,,,,,,,,,,,,,,,,,,,,,,,,,,,,,,,,,,,,,,,,,,,,,,,,,,,,,,,,,,,,,
Anti-oxidant,Ascorbic acid,Hesperidin ,Melatonin,Trolox,,,,,,,,,,,,,,,,,,,,,,,,,,,,,,,,,,,,,,,,,,,,,,,,,,,,,,,,,,,,,,,,,,,,,,,,,,,,,,,,,,,,,,,,,,,,,,,,,,,,,,,,,,,,,,,,,,,,,,,,,,,,,,,,,,,,,,,,,,,,,,,,,,,,,,,,,,,,,,,,,,,,,,,,,,,,,,,,,,,
Antigout,Zoxazolamine,Colchicine,Benzbromarone,Probenecid,,,,,,,,,,,,,,,,,,,,,,,,,,,,,,,,,,,,,,,,,,,,,,,,,,,,,,,,,,,,,,,,,,,,,,,,,,,,,,,,,,,,,,,,,,,,,,,,,,,,,,,,,,,,,,,,,,,,,,,,,,,,,,,,,,,,,,,,,,,,,,,,,,,,,,,,,,,,,,,,,,,,,,,,,,,,,,,,,,,
Antiasthmatic,Clenbuterol hydrochloride,Terbutaline hemisulfate,Zafirlukast,Pranlukast,Zileuton,Dipyrone,Cromolyn disodium salt,(+)-Isoproterenol (+)-bitartrate salt,Levalbuterol hydrochloride,Montelukast,Formoterol fumarate,,,,,,,,,,,,,,,,,,,,,,,,,,,,,,,,,,,,,,,,,,,,,,,,,,,,,,,,,,,,,,,,,,,,,,,,,,,,,,,,,,,,,,,,,,,,,,,,,,,,,,,,,,,,,,,,,,,,,,,,,,,,,,,,,,,,,,,,,,,,,,,,,,,,,,,,,,,,,,,,,,,,,,,,,,,,
Antiprolactin,Metergoline,,,,,,,,,,,,,,,,,,,,,,,,,,,,,,,,,,,,,,,,,,,,,,,,,,,,,,,,,,,,,,,,,,,,,,,,,,,,,,,,,,,,,,,,,,,,,,,,,,,,,,,,,,,,,,,,,,,,,,,,,,,,,,,,,,,,,,,,,,,,,,,,,,,,,,,,,,,,,,,,,,,,,,,,,,,,,,,,,,,,,,
Expectorant,Ambroxol hydrochloride,N-Acetyl-DL-homocysteine Thiolactone,Guaifenesin,Luteolin,Meglumine,Guaiacol,Bromhexine hydrochloride,,,,,,,,,,,,,,,,,,,,,,,,,,,,,,,,,,,,,,,,,,,,,,,,,,,,,,,,,,,,,,,,,,,,,,,,,,,,,,,,,,,,,,,,,,,,,,,,,,,,,,,,,,,,,,,,,,,,,,,,,,,,,,,,,,,,,,,,,,,,,,,,,,,,,,,,,,,,,,,,,,,,,,,,,,,,,,,,
Mucolytic,Ambroxol hydrochloride,Tyloxapol,Acetylcysteine,,,,,,,,,,,,,,,,,,,,,,,,,,,,,,,,,,,,,,,,,,,,,,,,,,,,,,,,,,,,,,,,,,,,,,,,,,,,,,,,,,,,,,,,,,,,,,,,,,,,,,,,,,,,,,,,,,,,,,,,,,,,,,,,,,,,,,,,,,,,,,,,,,,,,,,,,,,,,,,,,,,,,,,,,,,,,,,,,,,,
Oxytocic,Methylergometrine maleate,Dinoprost trometamol,,,,,,,,,,,,,,,,,,,,,,,,,,,,,,,,,,,,,,,,,,,,,,,,,,,,,,,,,,,,,,,,,,,,,,,,,,,,,,,,,,,,,,,,,,,,,,,,,,,,,,,,,,,,,,,,,,,,,,,,,,,,,,,,,,,,,,,,,,,,,,,,,,,,,,,,,,,,,,,,,,,,,,,,,,,,,,,,,,,,,
Anti-haemorrhoids,Hesperidin ,,,,,,,,,,,,,,,,,,,,,,,,,,,,,,,,,,,,,,,,,,,,,,,,,,,,,,,,,,,,,,,,,,,,,,,,,,,,,,,,,,,,,,,,,,,,,,,,,,,,,,,,,,,,,,,,,,,,,,,,,,,,,,,,,,,,,,,,,,,,,,,,,,,,,,,,,,,,,,,,,,,,,,,,,,,,,,,,,,,,,,
Anesthetic,Haloprogin,Pentobarbital,Butamben,Hexylcaine hydrochloride,Butacaine,Propofol,Bretylium tosylate,Proparacaine hydrochloride,Alfadolone acetate,Alfaxalone,Tocainide hydrochloride,Articaine hydrochloride,Etomidate,Propoxycaine hydrochloride,,,,,,,,,,,,,,,,,,,,,,,,,,,,,,,,,,,,,,,,,,,,,,,,,,,,,,,,,,,,,,,,,,,,,,,,,,,,,,,,,,,,,,,,,,,,,,,,,,,,,,,,,,,,,,,,,,,,,,,,,,,,,,,,,,,,,,,,,,,,,,,,,,,,,,,,,,,,,,,,,,,,,,,,,
Laxative,Bisacodyl,"1,8-Dihydroxyanthraquinone",,,,,,,,,,,,,,,,,,,,,,,,,,,,,,,,,,,,,,,,,,,,,,,,,,,,,,,,,,,,,,,,,,,,,,,,,,,,,,,,,,,,,,,,,,,,,,,,,,,,,,,,,,,,,,,,,,,,,,,,,,,,,,,,,,,,,,,,,,,,,,,,,,,,,,,,,,,,,,,,,,,,,,,,,,,,,,,,,,,,,
Gastroprokinetic,Cisapride,Tegaserod maleate,,,,,,,,,,,,,,,,,,,,,,,,,,,,,,,,,,,,,,,,,,,,,,,,,,,,,,,,,,,,,,,,,,,,,,,,,,,,,,,,,,,,,,,,,,,,,,,,,,,,,,,,,,,,,,,,,,,,,,,,,,,,,,,,,,,,,,,,,,,,,,,,,,,,,,,,,,,,,,,,,,,,,,,,,,,,,,,,,,,,,
Antihyperthyroid,Carbimazole,Propylthiouracil,,,,,,,,,,,,,,,,,,,,,,,,,,,,,,,,,,,,,,,,,,,,,,,,,,,,,,,,,,,,,,,,,,,,,,,,,,,,,,,,,,,,,,,,,,,,,,,,,,,,,,,,,,,,,,,,,,,,,,,,,,,,,,,,,,,,,,,,,,,,,,,,,,,,,,,,,,,,,,,,,,,,,,,,,,,,,,,,,,,,,
Immunostimulant,Melatonin,Thiamine hydrochloride,Pidotimod,,,,,,,,,,,,,,,,,,,,,,,,,,,,,,,,,,,,,,,,,,,,,,,,,,,,,,,,,,,,,,,,,,,,,,,,,,,,,,,,,,,,,,,,,,,,,,,,,,,,,,,,,,,,,,,,,,,,,,,,,,,,,,,,,,,,,,,,,,,,,,,,,,,,,,,,,,,,,,,,,,,,,,,,,,,,,,,,,,,,
Contrastant,Metrizamide,Iohexol,Iocetamic acid,Iodixanol,Iopamidol,Iopromide,Ioversol,Iodipamide,Iopanoic acid,Ioxaglic acid ,Diatrizoic acid dihydrate,,,,,,,,,,,,,,,,,,,,,,,,,,,,,,,,,,,,,,,,,,,,,,,,,,,,,,,,,,,,,,,,,,,,,,,,,,,,,,,,,,,,,,,,,,,,,,,,,,,,,,,,,,,,,,,,,,,,,,,,,,,,,,,,,,,,,,,,,,,,,,,,,,,,,,,,,,,,,,,,,,,,,,,,,,,,
Progestogen,Progesterone,Dydrogesterone,Altrenogest,,,,,,,,,,,,,,,,,,,,,,,,,,,,,,,,,,,,,,,,,,,,,,,,,,,,,,,,,,,,,,,,,,,,,,,,,,,,,,,,,,,,,,,,,,,,,,,,,,,,,,,,,,,,,,,,,,,,,,,,,,,,,,,,,,,,,,,,,,,,,,,,,,,,,,,,,,,,,,,,,,,,,,,,,,,,,,,,,,,,
Antiepileptic,Vigabatrin,Trimethadione,Felbamate,Ethoxzolamide,,,,,,,,,,,,,,,,,,,,,,,,,,,,,,,,,,,,,,,,,,,,,,,,,,,,,,,,,,,,,,,,,,,,,,,,,,,,,,,,,,,,,,,,,,,,,,,,,,,,,,,,,,,,,,,,,,,,,,,,,,,,,,,,,,,,,,,,,,,,,,,,,,,,,,,,,,,,,,,,,,,,,,,,,,,,,,,,,,,
Chemosensitizer,Etifenin,Etanidazole,,,,,,,,,,,,,,,,,,,,,,,,,,,,,,,,,,,,,,,,,,,,,,,,,,,,,,,,,,,,,,,,,,,,,,,,,,,,,,,,,,,,,,,,,,,,,,,,,,,,,,,,,,,,,,,,,,,,,,,,,,,,,,,,,,,,,,,,,,,,,,,,,,,,,,,,,,,,,,,,,,,,,,,,,,,,,,,,,,,,,
Antiosteoporetic,Alfacalcidol,Alendronate sodium,Ibandronate sodium ,"Etidronic acid, disodium salt",Ipriflavone,Zoledronic acid hydrate,Risedronic acid monohydrate,,,,,,,,,,,,,,,,,,,,,,,,,,,,,,,,,,,,,,,,,,,,,,,,,,,,,,,,,,,,,,,,,,,,,,,,,,,,,,,,,,,,,,,,,,,,,,,,,,,,,,,,,,,,,,,,,,,,,,,,,,,,,,,,,,,,,,,,,,,,,,,,,,,,,,,,,,,,,,,,,,,,,,,,,,,,,,,,
Antiallergic,Tranilast,Spaglumic acid,,,,,,,,,,,,,,,,,,,,,,,,,,,,,,,,,,,,,,,,,,,,,,,,,,,,,,,,,,,,,,,,,,,,,,,,,,,,,,,,,,,,,,,,,,,,,,,,,,,,,,,,,,,,,,,,,,,,,,,,,,,,,,,,,,,,,,,,,,,,,,,,,,,,,,,,,,,,,,,,,,,,,,,,,,,,,,,,,,,,,
Chelating,Deferoxamine mesylate,"Etidronic acid, disodium salt",Pentetic acid,,,,,,,,,,,,,,,,,,,,,,,,,,,,,,,,,,,,,,,,,,,,,,,,,,,,,,,,,,,,,,,,,,,,,,,,,,,,,,,,,,,,,,,,,,,,,,,,,,,,,,,,,,,,,,,,,,,,,,,,,,,,,,,,,,,,,,,,,,,,,,,,,,,,,,,,,,,,,,,,,,,,,,,,,,,,,,,,,,,,
Antianemic,Folinic acid calcium salt,Nandrolone,Ondansetron Hydrochloride,,,,,,,,,,,,,,,,,,,,,,,,,,,,,,,,,,,,,,,,,,,,,,,,,,,,,,,,,,,,,,,,,,,,,,,,,,,,,,,,,,,,,,,,,,,,,,,,,,,,,,,,,,,,,,,,,,,,,,,,,,,,,,,,,,,,,,,,,,,,,,,,,,,,,,,,,,,,,,,,,,,,,,,,,,,,,,,,,,,,
Antiarthritic,Diacerein,Valdecoxib,,,,,,,,,,,,,,,,,,,,,,,,,,,,,,,,,,,,,,,,,,,,,,,,,,,,,,,,,,,,,,,,,,,,,,,,,,,,,,,,,,,,,,,,,,,,,,,,,,,,,,,,,,,,,,,,,,,,,,,,,,,,,,,,,,,,,,,,,,,,,,,,,,,,,,,,,,,,,,,,,,,,,,,,,,,,,,,,,,,,,
Radioprotectant,Pentetic acid,Homosalate,,,,,,,,,,,,,,,,,,,,,,,,,,,,,,,,,,,,,,,,,,,,,,,,,,,,,,,,,,,,,,,,,,,,,,,,,,,,,,,,,,,,,,,,,,,,,,,,,,,,,,,,,,,,,,,,,,,,,,,,,,,,,,,,,,,,,,,,,,,,,,,,,,,,,,,,,,,,,,,,,,,,,,,,,,,,,,,,,,,,,
Antifibrinolytic,Aminocaproic acid,,,,,,,,,,,,,,,,,,,,,,,,,,,,,,,,,,,,,,,,,,,,,,,,,,,,,,,,,,,,,,,,,,,,,,,,,,,,,,,,,,,,,,,,,,,,,,,,,,,,,,,,,,,,,,,,,,,,,,,,,,,,,,,,,,,,,,,,,,,,,,,,,,,,,,,,,,,,,,,,,,,,,,,,,,,,,,,,,,,,,,
Chemoprotectant,Mesna,,,,,,,,,,,,,,,,,,,,,,,,,,,,,,,,,,,,,,,,,,,,,,,,,,,,,,,,,,,,,,,,,,,,,,,,,,,,,,,,,,,,,,,,,,,,,,,,,,,,,,,,,,,,,,,,,,,,,,,,,,,,,,,,,,,,,,,,,,,,,,,,,,,,,,,,,,,,,,,,,,,,,,,,,,,,,,,,,,,,,,
Eupneic,Doxapram hydrochloride,,,,,,,,,,,,,,,,,,,,,,,,,,,,,,,,,,,,,,,,,,,,,,,,,,,,,,,,,,,,,,,,,,,,,,,,,,,,,,,,,,,,,,,,,,,,,,,,,,,,,,,,,,,,,,,,,,,,,,,,,,,,,,,,,,,,,,,,,,,,,,,,,,,,,,,,,,,,,,,,,,,,,,,,,,,,,,,,,,,,,,
Cytoprotectant,Avobenzone,,,,,,,,,,,,,,,,,,,,,,,,,,,,,,,,,,,,,,,,,,,,,,,,,,,,,,,,,,,,,,,,,,,,,,,,,,,,,,,,,,,,,,,,,,,,,,,,,,,,,,,,,,,,,,,,,,,,,,,,,,,,,,,,,,,,,,,,,,,,,,,,,,,,,,,,,,,,,,,,,,,,,,,,,,,,,,,,,,,,,,
